id,prompt,expected_completion_len,prompt_tok,completion_tok,cost,eff_cost
1,뉴스 기사를 한 문장으로 요약해줘.,80,18,80,0.00019600000000000002,0.0001372
2,아래 표를 분석해 핵심 인사이트 3가지를 bullet로 제시해줘.,120,31,120,0.000302,0.00021140000000000002
3,영화 리뷰 텍스트의 감정 분류 결과를 JSON으로 반환해줘.,60,26,60,0.00017199999999999998,0.00012039999999999997
4,코드를 읽고 함수의 시간복잡도를 설명해줘.,150,21,150,0.000342,0.0002394
5,아래 회의록을 임원 보고서 요약 템플릿에 맞춰 정리해줘.,200,34,200,0.00046800000000000005,0.0003276
